2,ID:39,,dimer(minimum)dG=-1.93,,,,,
label,5'pos,3'pos,len,Tm,5'dG,3'dG,GCrate,Sequence
F3,137,159,23,55.54,-3.75,-4.51,0.35,GAGAATTATTCATTGCTGAGTTG
B3,338,355,18,57.77,-5.41,-5.35,0.56,CAAGCAAGGCTTGAGTGG
FIP,,,45,,,,,CGCATTTCGCTGCGTTCTTC-TAGTTAAAACTTTCAACAACGGATC
BIP,,,43,,,,,CAGTGAATCATCGAATCTTTGAACG-GAAATGACGCTCGGACAG
F2,172,196,25,57.84,-2.82,-5.53,0.32,TAGTTAAAACTTTCAACAACGGATC
F1c,216,235,20,62.26,-5.73,-3.87,0.55,CGCATTTCGCTGCGTTCTTC
B2,319,336,18,57.16,-3.67,-5.35,0.56,GAAATGACGCTCGGACAG
B1c,260,284,25,60.41,-4.91,-5.35,0.4,CAGTGAATCATCGAATCTTTGAACG
