5,ID:12,,dimer(minimum)dG=-2.49,,,,,
label,5'pos,3'pos,len,Tm,5'dG,3'dG,GCrate,Sequence
F3,70,89,20,59.48,-4.51,-7.36,0.5,GACAAGAACTTTACCCCGCT
B3,253,270,18,60.24,-7.58,-4.98,0.56,GCGCACCAAACTGCCATA
FIP,,,39,,,,,TGCTAGCTCGAACGGACCAGT-TCAGAGGAGTGCAAGGCA
BIP,,,41,,,,,GGCTTTCCAGGAGGTCAAGGTG-TGTCAACGAACGGGGAATC
F2,103,120,18,59.98,-4.6,-5.75,0.56,TCAGAGGAGTGCAAGGCA
F1c,143,163,21,65.31,-4.82,-5.39,0.57,TGCTAGCTCGAACGGACCAGT
B2,225,243,19,59.31,-4.58,-4.36,0.53,TGTCAACGAACGGGGAATC
B1c,171,192,22,64.94,-5.35,-5,0.59,GGCTTTCCAGGAGGTCAAGGTG
